{"cameraMode":{"drawMode":0,"name":"Shaded","section":"Shading Mode"},"sceneLighting":false,"audioPlay":false,"sceneViewState":{"showFog":true,"showMaterialUpdate":false,"showSkybox":false,"showFlares":true,"showImageEffects":true,"showParticleSystems":true},"in2DMode":false,"pivot":{"x":0.054779052734375,"y":1.05462646484375,"z":0.0615234375},"rotation":{"x":-0.05575261265039444,"y":0.032042425125837329,"z":-0.0017925433348864318,"w":-0.9979374408721924},"size":2.7747373580932619,"orthographic":true}