{"cameraMode":{"drawMode":0,"name":"Shaded","section":"Shading Mode"},"sceneLighting":false,"audioPlay":false,"sceneViewState":{"showFog":true,"showMaterialUpdate":false,"showSkybox":true,"showFlares":true,"showImageEffects":true,"showParticleSystems":true},"in2DMode":false,"pivot":{"x":-1.5949275493621827,"y":0.0756540298461914,"z":1.375105619430542},"rotation":{"x":0.1675533801317215,"y":-0.3465825319290161,"z":0.06306760758161545,"w":0.9207776188850403},"size":8.897682189941407,"orthographic":false}